@保育所,タイトル,施設の類型,利用定員,預入開始_平日,引き取り終了_平日,TEL,所在地,geo:lat,geo:long,公民,設置主体,特別保育の実施状況,受入開始年齢,受入年終了年齢
大高保育園,保育所,100,7:30,19:30,621-2569,緑区大高町向山16,35.0720315,136.975064,公立,名古屋市,延長保育,6ヶ月,5歳
名古屋厚生会館第二保育園,保育所,207,7:30,19:30,523-0880,西区名西一丁目10-10,35.2168799,136.8822163,民間,社会福祉法人,延長保育+入所予約,産休あけ,5歳
新生保育園,保育所,100,7:30,19:30,522-7608,西区天神山町3-7,35.2277563,136.8697504,民間,社会福祉法人,延長保育+一時保育+入所予約,産休あけ,5歳
こてとろ保育室,小規模保育事業Ｂ型,19,7:30,18:30,982-7871,北区大我麻町162,35.1846615,136.8766453,民間,特定非営利活動法人,none,6ヶ月,2歳
十番保育園,保育所,90,7:30,18:00,652-3766,中川区十番町3-10-3,35.1473319,136.8092618,公立,名古屋市,none,6ヶ月,5歳
ちいさなおうちえんはなのオリーブ,小規模保育事業Ａ型,15,7:30,18:30,771-5517,名東区宝が丘12番,35.1727479,137.0084087,民間,株式会社,none,6ヶ月,2歳
昭和保育園,保育所,110,7:00,18:00,881-9756,昭和区村雲町19-1,35.1523514,136.9297994,民間,個人,none,産休あけ,5歳
島田第一保育園,保育所,120,7:30,19:30,801-6255,天白区高坂町93,35.1699978,136.99433,公立,名古屋市,延長保育+子育て支援センター+入所予約+休日保育,産休あけ,5歳
名古屋市ポピンズ保育室いのこし,小規模保育事業Ｂ型,10,7:30,18:30,776-2101,名東区平和が丘一丁目70,35.179567,137.0227288,民間,株式会社,none,6ヶ月,2歳
ちびっこタウンいりば園,小規模保育事業Ｂ型,12,7:30,18:30,383-6603,港区正徳町6-92,35.1135985,136.8616054,民間,個人,none,6ヶ月,2歳
高蔵保育園,保育所,120,7:30,19:30,671-1393,熱田区高蔵町9-7,35.1301926,136.9149931,公立,名古屋市,延長保育+子育て支援センター+入所予約,産休あけ,5歳
尾上保育園,保育所,90,7:30,19:30,915-8520,北区尾上町1-2,35.2232474,136.9167929,公立,名古屋市,延長保育,6ヶ月,5歳
アスクあじま保育園,保育所,60,7:30,19:30,909-5711,北区東味鋺三丁目101-1,35.2232947,136.9189732,民間,社会福祉法人,延長保育,産休あけ,5歳
くるみ保育室,小規模保育事業Ａ型,10,7:30,18:30,622-6665,緑区大高町字東姥神39-2,35.0631028,136.9338949,民間,社会福祉法人,none,6ヶ月,2歳
中山保育園,保育所,60,7:15,19:15,851-2414,瑞穂区中山町2-27-2,35.1382395,136.9282833,民間,宗教法人,延長保育+一時保育,産休あけ,5歳
南陽第一保育園,保育所,90,7:30,19:30,301-8849,港区東茶屋二丁目305,35.1104434,136.8615084,公立,名古屋市,延長保育,6ヶ月,5歳
キンダーフレンズ,事業所内保育事業,4,8:00,19:00,439-2011,中川区富田町大字千音寺字間渡里２８８３,35.1020175,136.8807204,民間,医療法人,none,6ヶ月,2歳
正色第二保育園,保育所,90,7:30,19:30,301-8902,中川区下之一色町字宮分23,35.1198582,136.8332417,公立,名古屋市,延長保育+子育て支援センター,6ヶ月,5歳
ルナ保育園,保育所,30,7:00,19:00,938-0015,東区橦木町3-53-2,35.1800305,136.9207827,民間,社会福祉法人,延長保育,産休あけ,3歳
天白保育園,保育所,259,7:15,19:15,801-0433,天白区島田三丁目110,35.1210625,136.9760739,民間,社会福祉法人,延長保育+一時保育,6ヶ月,5歳
オアシスこども園,幼保連携型認定こども園,63,7:30,19:30,501-8117,西区大野木四丁目43,35.1877195,136.8800228,民間,社会福祉法人,延長保育,産休あけ,5歳
ふたば館,小規模保育事業Ａ型,11,7:30,18:30,522-7608,西区天神山町3番7号,35.1878635,136.865113,民間,社会福祉法人,none,6ヶ月,2歳
まこと保育園,保育所,90,7:30,18:30,531-3980,西区児玉二丁目24-13,35.1965163,136.8997596,民間,個人,none,6ヶ月,5歳
港西保育園,保育所,90,7:30,18:00,381-1517,港区野跡四丁目4-8,35.1110251,136.8011344,公立,名古屋市,子育て支援センター,6ヶ月,5歳
認定こども園葵第二幼稚園,幼保連携型認定こども園,60,7:00,18:00,611-6758,南区白水町26,35.1135886,136.9110969,民間,学校法人,none,2歳,5歳
野南保育園,保育所,65,7:30,19:30,503-4343,西区野南町68,35.2180054,136.8962397,公立,名古屋市,延長保育,6ヶ月,5歳
富田第三保育園,保育所,90,7:30,19:30,431-6615,中川区戸田明正一丁目405,35.1556378,136.879815,公立,名古屋市,延長保育,6ヶ月,5歳
希望ヶ丘保育園,保育所,138,7:00,19:00,751-5050,千種区希望ヶ丘二丁目3-28,35.1779299,136.969901,民間,社会福祉法人,延長保育+一時保育+子育て支援センター+入所予約,産休あけ,5歳
天子田保育園,保育所,90,7:30,19:30,773-3660,守山区天子田二丁目1404,35.2290789,136.9949559,公立,名古屋市,延長保育,6ヶ月,5歳
やだ保育園,保育所,60,7:30,19:30,768-6510,東区矢田三丁目4-18,35.1978264,136.9428885,民間,社会福祉法人,延長保育+入所予約,6ヶ月,5歳
チャイルドほーむ小田井園,小規模保育事業Ａ型,15,7:30,18:30,502-6960,西区中小田井二丁目34番,35.1919602,136.8981953,民間,株式会社,none,6ヶ月,2歳
ささしまちとせ保育園,保育所,60,7:00,19:00,589-6530,中村区平池町4-60-5,35.162651,136.884992,民間,社会福祉法人,延長保育,6ヶ月,5歳
スクルドエンジェル保育園なんよう園,保育所,60,7:30,19:30,655-5692,港区七反野二丁目1904,35.1149251,136.8158495,民間,株式会社,延長保育,6ヶ月,5歳
保育室こいぬ,家庭的保育事業,3,8:00,16:00,N/A,緑区池上台二丁目,35.0981462,136.9904288,民間,個人,none,6ヶ月,2歳
清明山保育園,保育所,54,7:15,20:15,725-7258,千種区清明山一丁目1-3,35.1826997,136.9485431,民間,社会福祉法人,延長保育,産休あけ,3歳
ひいらぎ保育園,保育所,90,7:00,19:00,622-9366,緑区武路町2101,35.0560286,136.9454328,民間,社会福祉法人,延長保育,6ヶ月,5歳
千種ピッコロ保育園,保育所,40,7:30,19:30,799-8355,千種区宮根台一丁目1-17,35.1596461,136.9543164,民間,社会福祉法人,延長保育,産休あけ,3歳
キッズガーデン八事,小規模保育事業Ａ型,19,7:30,18:30,893-7560,昭和区山里町66-2,35.1544325,136.9469894,民間,株式会社,none,6ヶ月,2歳
上小田井保育園,保育所,198,7:00,19:00,502-1001,西区上小田井一丁目109,35.1863169,136.8786285,民間,社会福祉法人,延長保育+子育て支援センター+入所予約,産休あけ,5歳
南陽第二保育園,保育所,100,7:30,18:00,301-7914,港区知多二丁目2401,35.0772196,136.8527801,公立,名古屋市,none,6ヶ月,5歳
東栄保育園,保育所,120,7:30,19:30,841-0477,瑞穂区東栄町1-1,35.1524105,136.916596,公立,名古屋市,延長保育,6ヶ月,5歳
南・氷室保育園,保育所,106,7:30,19:30,692-0477,南区氷室町19-6-101,35.1008484,136.9023178,公立,名古屋市,延長保育,6ヶ月,5歳
ジョイフルドーム前保育園,保育所,120,7:00,19:00,719-0711,東区大幸一丁目1-11,35.1905775,136.9469133,民間,社会福祉法人,延長保育,6ヶ月,5歳
茶屋とくしげ保育園,保育所,100,7:30,19:30,877-1094,緑区鳴海町字神ノ倉3-4,35.0970466,136.9975974,民間,社会福祉法人,延長保育+入所予約,産休あけ,5歳
さくらケ丘保育園,保育所,120,7:50,18:30,623-5656,緑区尾崎山一丁目609,35.0669846,136.9739752,民間,社会福祉法人,none,3ヶ月,5歳
新生第２保育園,保育所,40,7:30,19:30,903-8080,北区五反田町297,35.2178427,136.9346275,民間,社会福祉法人,延長保育+入所予約,産休あけ,3歳
保育室こりす,家庭的保育事業,5,7:30,18:30,N/A,守山区大森四丁目,35.2043966,137.0008334,民間,個人,none,6ヶ月,2歳
mirai保育ルーム,小規模保育事業Ａ型,12,7:30,18:30,792-0322,守山区瀬古東三丁目1184番地,35.1944359,136.9674617,民間,社会福祉法人,none,6ヶ月,2歳
高針北保育園,保育所,90,7:30,19:30,701-4555,名東区勢子坊二丁目1302,35.1630273,137.0167663,公立,名古屋市,延長保育,6ヶ月,5歳
あかつき田幡保育園,保育所,100,7:30,19:30,325-2216,北区柳原三丁目6-41,35.1894187,136.9305426,民間,社会福祉法人,延長保育+入所予約,6ヶ月,5歳
ウィズブック保育室瑞穂,小規模保育事業Ａ型,19,7:30,18:30,680-7843,瑞穂区豊岡通3丁目49番地,35.1237524,136.9371162,民間,株式会社,none,6ヶ月,2歳
藤里保育園,保育所,100,7:30,19:30,776-0159,名東区藤里町1003,35.1898432,137.0138432,公立,名古屋市,延長保育+子育て支援センター,6ヶ月,5歳
家庭保育室もんもの花,小規模保育事業Ａ型,15,7:30,18:30,626-5915,昭和区白金1-2-9,35.1496428,136.9152258,民間,特定非営利活動法人,none,6ヶ月,2歳
小規模保育所なのはな,小規模保育事業Ａ型,10,7:30,18:30,895-5225,天白区福池二丁目363番地,35.1123802,136.976413,民間,社会福祉法人,none,6ヶ月,2歳
くまのまえ保育園,保育所,90,7:15,19:15,877-9022,緑区兵庫一丁目1610,35.100743,136.9605687,民間,社会福祉法人,延長保育+一時保育,産休あけ,5歳
ちびっこランド熱田園,小規模保育事業Ｂ型,15,7:30,18:30,884-0271,熱田区六野一丁目2-11,35.1365888,136.9094017,民間,個人,none,6ヶ月,2歳
光明幼児園,保育所,130,7:15,19:15,761-5753,千種区桐林町1-5,35.1660282,136.9475974,民間,社会福祉法人,延長保育+入所予約,産休あけ,5歳
アクシアキッズ園,小規模保育事業Ａ型,15,7:30,18:30,661-3135,中川区11番町2-13,35.1442933,136.8024072,民間,一般財団法人,none,6ヶ月,2歳
小幡保育園,保育所,90,7:30,19:30,792-0959,守山区緑ヶ丘902,35.2124782,136.9836297,公立,名古屋市,延長保育,6ヶ月,5歳
ファミリーズ,小規模保育事業Ｂ型,19,7:30,18:30,703-1331,名東区勢子坊一丁目201番地,35.1610774,137.0102171,民間,株式会社,none,6ヶ月,2歳
ぽかぽか保育室若水,小規模保育事業Ｂ型,10,7:30,18:30,739-5336,千種区若水二丁目2,35.1674,136.9433894,民間,株式会社,none,6ヶ月,2歳
如意保育園,保育所,90,7:30,19:30,901-3856,北区三軒町272,35.1887982,136.9060673,公立,名古屋市,延長保育,6ヶ月,5歳
内山保育園,保育所,156,7:30,19:30,711-0995,千種区豊年町15-12,35.1744849,136.9382091,公立,名古屋市,延長保育+一時保育,6ヶ月,5歳
本星崎保育園,保育所,90,7:30,18:00,822-8216,南区星宮町217,35.1066255,136.9063477,公立,名古屋市,none,6ヶ月,5歳
汁谷保育園,保育所,90,7:30,19:30,711-2460,千種区汁谷町39,35.1853455,136.9693202,公立,名古屋市,延長保育,6ヶ月,5歳
しだみ保育園,保育所,100,7:00,19:00,739-0415,守山区大字上志段味字上島669,35.2566686,137.0357198,民間,社会福祉法人,延長保育,6ヶ月,5歳
土古保育園,保育所,90,7:30,18:00,381-8342,港区土古町2-23,35.1119117,136.8221602,公立,名古屋市,none,6ヶ月,5歳
猪子石第二保育園,保育所,90,7:30,19:30,771-0337,名東区文教台一丁目920,35.1828909,137.0001343,公立,名古屋市,延長保育,6ヶ月,5歳
かんがるー保育室,家庭的保育事業,5,7:30,18:30,N/A,緑区鳴海町字上ノ山,35.0956227,136.9538209,民間,個人,none,6ヶ月,2歳
うめさと保育園,保育所,60,7:15,19:15,848-8733,緑区梅里一丁目101番地,35.1076479,136.9906341,民間,社会福祉法人,延長保育,産休あけ,5歳
上名古屋保育園,保育所,100,7:30,19:30,531-6544,西区上名古屋二丁目26-15,35.2295225,136.8589543,公立,名古屋市,延長保育,産休あけ,5歳
東神の倉清凉保育園,保育所,60,7:00,19:00,838-5588,緑区東神の倉三丁目3407,35.1025827,137.0192558,民間,社会福祉法人,延長保育,6ヶ月,5歳
安田保育園,保育所,90,7:30,19:30,763-2135,昭和区安田通2-4-2,35.155882,136.9420426,公立,名古屋市,延長保育,6ヶ月,5歳
もりの風保育園,保育所,124,7:00,19:00,736-5577,守山区大字吉根字太鼓ヶ根3231-29,35.212361,136.9684028,民間,社会福祉法人,延長保育+入所予約,産休あけ,5歳
牧野池保育園,保育所,120,7:30,19:30,703-2341,名東区牧の里三丁目701,35.1496844,137.0028292,公立,名古屋市,延長保育+子育て支援センター+入所予約,産休あけ,5歳
白山保育園,保育所,220,7:00,19:00,791-3365,守山区小幡中一丁目13-8,35.1980825,136.9624147,民間,社会福祉法人,延長保育+入所予約,産休あけ,5歳
春華しろつち保育園,保育所,104,7:15,19:15,876-3605,緑区白土1930,35.0794677,136.9842111,民間,社会福祉法人,延長保育+入所予約,産休あけ,5歳
小規模保育事業所ひだまり,小規模保育事業Ｃ型,14,7:30,18:30,483-3539,中村区高道町三丁目1番25号,35.1510088,136.9060071,民間,特定非営利活動法人,none,6ヶ月,2歳
みゆき山保育園,保育所,47,7:00,19:00,838-6146,天白区元八事四丁目235-1,35.1203866,136.989943,民間,社会福祉法人,延長保育+入所予約,産休あけ,2歳
比良すみれ保育園,保育所,90,7:00,19:00,505-5777,西区比良二丁目175,35.2269229,136.8638733,民間,社会福祉法人,延長保育,産休あけ,5歳
菜の花保育園,保育所,170,7:00,20:00,612-3361,南区三吉町6-17,35.0710908,136.9197852,民間,社会福祉法人,延長保育+一時保育+子育て支援センター+入所予約,産休あけ,5歳
新砂田保育園,保育所,120,7:15,19:15,878-0190,緑区砂田二丁目512,35.0596239,136.9707726,民間,社会福祉法人,延長保育,6ヶ月,5歳
鳥羽見保育園,保育所,90,7:30,18:00,791-2279,守山区鳥羽見二丁目15-28,35.2003846,136.950896,公立,名古屋市,none,6ヶ月,5歳
名古屋市ポピンズ保育室志賀公園,小規模保育事業Ｂ型,15,7:30,18:30,991-2104,北区金城町3丁目1番地,35.2015499,136.9177991,民間,株式会社,none,6ヶ月,2歳
けやきの木保育園,保育所,130,7:15,20:15,454-3733,中村区亀島一丁目5-37,35.1769599,136.876512,民間,社会福祉法人,延長保育+一時保育+子育て支援センター+入所予約,産休あけ,5歳
もみじ保育園,保育所,90,7:00,19:00,736-6670,守山区笹ヶ根一丁目1003,35.230465,137.0032187,民間,社会福祉法人,延長保育+子育て支援センター+入所予約,産休あけ,5歳
新池保育園,保育所,30,7:00,19:00,782-5455,千種区新池町4-3-3,35.1616432,136.9747483,民間,社会福祉法人,延長保育+休日保育,産休あけ,2歳
かえで保育園,保育所,90,7:15,19:15,891-2600,緑区滝ノ水四丁目1812番地,35.083458,136.9722445,民間,社会福祉法人,延長保育,6ヶ月,5歳
ぱんだ保育室,家庭的保育事業,5,7:30,18:30,N/A,名東区勢子坊二丁目,35.1102641,136.9867511,民間,個人,none,6ヶ月,2歳
北千種保育園,保育所,90,7:30,19:30,722-4185,千種区北千種二丁目1-2,35.1818843,136.9466775,公立,名古屋市,延長保育,6ヶ月,5歳
青山保育園,保育所,105,7:30,19:30,736-1051,守山区青山台628-18,35.2367114,137.0057877,民間,社会福祉法人,延長保育,4ヶ月,5歳
認定こども園花園保育園,保育所型認定こども園,290,7:00,19:00,701-0027,名東区高針二丁目1801,35.1906787,136.9941654,民間,宗教法人,延長保育+一時保育,11ヶ月,5歳
太子保育園,保育所,90,7:30,19:30,623-1713,緑区太子一丁目235,35.0643823,136.9775306,公立,名古屋市,延長保育,6ヶ月,5歳
てんちょうくすのき保育園,保育所,40,7:30,19:30,909-4753,北区西味鋺三丁目813,35.228758,136.925678,民間,社会福祉法人,延長保育,6ヶ月,2歳
ひなた保育園,保育所,30,7:00,19:00,773-5571,守山区四軒家一丁目330,35.2279934,137.0099373,民間,社会福祉法人,延長保育,産休あけ,3歳
キリクこども園,幼保連携型認定こども園,119,7:30,19:30,739-0151,守山区大字上志段味字樹木1663,35.2492418,137.0362673,民間,社会福祉法人,延長保育,産休あけ,5歳
まつぼっくり保育室,家庭的保育事業,5,7:30,18:30,N/A,天白区西入町,35.1152973,137.0031686,民間,個人,none,6ヶ月,2歳
にじの花保育園,保育所,60,7:00,19:00,680-8744,天白区鴻の巣二丁目119,35.1403467,136.9939413,民間,社会福祉法人,延長保育,産休あけ,5歳
どんぐり保育園,保育所,90,7:15,20:15,782-1210,千種区仁座町120,35.1508113,136.96901,民間,社会福祉法人,延長保育+子育て支援センター+入所予約,産休あけ,5歳
しらほ原保育園,保育所,40,7:15,19:15,842-9458,天白区原三丁目1108,35.1317707,136.9890699,民間,社会福祉法人,延長保育,産休明け,3歳
富田第二保育園,保育所,120,7:30,19:30,431-1493,中川区戸田明正三丁目401,35.1233331,136.85993,公立,名古屋市,延長保育+子育て支援センター,6ヶ月,5歳
藤が丘保育園,保育所,90,7:30,19:30,773-3650,名東区藤が丘99,35.1842413,137.0187234,公立,名古屋市,延長保育,6ヶ月,5歳
東山保育園,保育所,100,7:30,19:30,781-2515,千種区橋本町3-4,35.1640345,136.9663516,公立,名古屋市,延長保育,6ヶ月,5歳
いるか保育室,家庭的保育事業,5,7:30,18:30,N/A,緑区曽根一丁目,35.0760768,136.9562068,民間,個人,none,6ヶ月,2歳
愛名保育園,保育所,90,7:20,19:20,653-6016,港区七番町5-3,35.112519,136.8939822,民間,個人,延長保育,6ヶ月,5歳
ニチイキッズ高畑保育室,小規模保育事業Ｂ型,15,7:30,18:30,363-5200,中川区高畑一丁目7番地,35.1373503,136.8310521,民間,株式会社,none,6ヶ月,2歳
たきこ幼児園,保育所,90,7:30,19:30,882-0467,昭和区永金町1-1-32,35.1450298,136.9185423,民間,社会福祉法人,延長保育,6ヶ月,5歳
リーゴ鶴舞,小規模保育事業Ａ型,19,7:30,18:30,626-7005,昭和区鶴舞二丁目7番地10,35.1219435,136.916621,民間,一般財団法人,none,6ヶ月,2歳
旭出保育園,保育所,100,7:30,19:30,896-3050,緑区旭出一丁目517,35.0905297,136.975022,公立,名古屋市,延長保育,6ヶ月,5歳
神宮東保育園,保育所,90,7:30,19:30,882-9234,熱田区三本松町23-10,35.1266449,136.8957479,公立,名古屋市,延長保育,6ヶ月,5歳
西味鋺保育園,保育所,100,7:30,19:30,902-2444,北区西味鋺三丁目227,35.2096651,136.9078638,公立,名古屋市,延長保育,6ヶ月,5歳
港保育園,保育所,110,7:30,19:30,661-0549,港区港栄三丁目18-10,35.1575194,136.8130162,公立,名古屋市,延長保育+子育て支援センター+入所予約,産休あけ,5歳
ちばな保育園,保育所,90,7:30,18:30,881-7685,瑞穂区直来町5-5,35.1304097,136.9269558,民間,宗教法人,none,産休あけ,5歳
ALL4KIDSチャイルドケア,小規模保育事業Ａ型,19,7:30,18:30,325-4772,東区新出来１丁目5-4,35.1822918,136.9311956,民間,株式会社,none,6ヶ月,2歳
軍水保育園,保育所,100,7:30,19:30,833-8733,瑞穂区軍水町1-54-2,35.1146038,136.9454352,公立,名古屋市,延長保育+子育て支援センター,産休あけ,5歳
シャーローム保育園,保育所,113,7:15,19:15,803-0200,天白区土原二丁目209,35.1144885,136.9853788,民間,社会福祉法人,入所予約+延長保育,産休あけ,5歳
まんぼう保育園,保育所,35,7:00,19:00,501-9666,西区貴生町164-1,35.2234568,136.8740057,民間,社会福祉法人,延長保育,産休あけ,3歳
保育室こぶた,家庭的保育事業,5,7:30,18:30,N/A,守山区幸心一丁目,35.0949843,136.963884,民間,個人,none,6ヶ月,2歳
松が根保育園,保育所,100,7:30,19:30,891-5461,緑区松が根台221,35.1029706,136.9898454,公立,名古屋市,延長保育,6ヶ月,5歳
中島保育園,保育所,100,7:30,19:30,362-8207,中川区中島新町2-1301,35.1281378,136.8501837,公立,名古屋市,延長保育+子育て支援センター+休日保育,産休あけ,5歳
富士見の森こども園,幼保連携型認定こども園,60,7:15,19:15,712-3737,千種区富士見台1-22,35.1827625,136.9672621,民間,社会福祉法人,延長保育,産休あけ,5歳
YMCAこひつじ保育室,小規模保育事業Ａ型,19,7:30,18:30,757-5530,千種区春岡1丁目2番7号,35.1767489,136.9462138,民間,学校法人,none,6ヶ月,2歳
保育室うさぎ,家庭的保育事業,3,8:00,18:00,N/A,緑区大清水二丁目,35.0962684,136.983374,民間,個人,none,6ヶ月,2歳
スクルドエンジェル保育室さきょうやま園,小規模保育事業Ｂ型,15,7:30,18:30,626-5829,緑区六田2丁目75番地,35.0778354,136.9607176,民間,株式会社,none,6ヶ月,2歳
スクルドエンジェル保育室しろとり園,小規模保育事業Ｂ型,18,7:30,18:30,682-6868,熱田区白鳥町201-2,35.1235479,136.9029702,民間,株式会社,none,6ヶ月,2歳
若葉保育園,保育所,128,7:00,19:00,841-5975,瑞穂区甲山町1-32,35.1228193,136.9386356,民間,宗教法人,延長保育,6ヶ月,5歳
みかづき保育園,保育所,210,7:00,19:00,303-1001,中川区一色新町三丁目707,35.1365171,136.8411731,民間,社会福祉法人,延長保育+入所予約,産休あけ,5歳
北保育園,保育所,100,7:30,19:30,981-3856,北区鳩岡町1-1,35.2042299,136.9127357,公立,名古屋市,延長保育+子育て支援センター,6ヶ月,5歳
あかつき保育園,保育所,169,7:00,19:30,531-0928,西区上名古屋四丁目13-32,35.1995295,136.8958684,民間,社会福祉法人,延長保育+一時保育+子育て支援センター+入所予約+休日保育,産休あけ,5歳
栄保育園,保育所,60,8:00,18:00,971-3473,中区新栄町2-4,35.1653465,136.9245133,民間,財団法人,none,8ヶ月,5歳
豊田保育園,保育所,90,7:30,19:30,691-5590,南区忠次一丁目3-26,35.1020177,136.9172438,公立,名古屋市,延長保育,6ヶ月,5歳
リーゴ平安通,小規模保育事業Ａ型,15,7:30,18:30,919-0227,北区平安一丁目9番22号,35.2051167,136.9323476,民間,一般財団法人,none,6ヶ月,2歳
南山ルンビニー園,幼保連携型認定こども園,130,7:00,19:00,832-6305,昭和区南山町5,35.1400207,136.9550697,民間,社会福祉法人,延長保育+入所予約+休日保育,産休あけ,5歳
詩織保育園,保育所,66,7:30,19:30,938-3253,西区西原町88,35.2181688,136.8862352,民間,社会福祉法人,延長保育,産休あけ,5歳
めぐみ保育園,幼保連携型認定こども園,144,7:00,19:00,622-4520,緑区有松町大字桶狭間字愛宕西23-73,35.0606096,136.9660285,民間,社会福祉法人,延長保育+子育て支援センター+入所予約,産休あけ,5歳
光が丘保育園,保育所,143,7:30,18:30,623-2755,緑区相原郷二丁目903,35.0792329,136.9658367,民間,社会福祉法人,休日保育,6ヶ月,5歳
はとぽっぽ保育園,保育所,40,7:00,19:00,462-1723,中川区服部四丁目902,35.1517925,136.8140221,民間,社会福祉法人,延長保育,産休あけ,3歳
平田保育園,保育所,150,7:00,19:00,501-8820,西区平出町87,35.1884418,136.8855334,民間,社会福祉法人,延長保育+一時保育+子育て支援センター+入所予約,産休あけ,5歳
わけっこ,家庭的保育事業,5,7:30,18:30,N/A,北区柳原三丁目,35.1905814,136.9093642,民間,個人,none,6ヶ月,2歳
小規模保育事業保育ルームルナⅡ丸の内,小規模保育事業Ｂ型,15,7:30,18:30,202-0035,中区丸の内二丁目15-5,35.1684152,136.9190471,民間,社会福祉法人,none,6ヶ月,2歳
のりくら保育園,保育所,100,7:30,19:30,876-1640,緑区乗鞍一丁目1812,35.0858629,136.9660144,公立,名古屋市,延長保育+子育て支援センター,6ヶ月,5歳
保育室あいあい,家庭的保育事業,5,7:30,18:30,N/A,守山区瀬古東三丁目,35.2104938,136.9387968,民間,個人,none,6ヶ月,2歳
アインみどり保育室,小規模保育事業Ｂ型,15,7:30,18:30,879-3961,緑区篠の風2丁目198,35.095982,136.9759357,民間,株式会社,none,6ヶ月,2歳
小規模保育事業保育ルームルナⅤ高岳,小規模保育事業Ｂ型,15,7:30,18:30,935-0061,東区代官町34番20号,35.1746534,136.9200524,民間,社会福祉法人,none,6ヶ月,2歳
エンゼルキッズ名塚,保育所,40,7:00,19:00,325-6900,西区名塚町四丁目49-1,35.1864682,136.8855783,民間,学校法人,延長保育,6ヶ月,3歳
やまさと保育園,保育所,120,7:15,19:15,833-7318,昭和区山里町85-1,35.1420788,136.9582138,民間,社会福祉法人,延長保育,産休あけ,5歳
大法寺愛児園,保育所,90,7:30,18:30,881-0151,瑞穂区雁道町2-17,35.1286182,136.9274114,民間,宗教法人,none,6ヶ月,5歳
惟信保育園,保育所,150,7:30,18:30,382-2523,港区惟信町2-28,35.1062519,136.8450023,民間,社会福祉法人,延長保育,6ヶ月,5歳
瑞雲保育園,保育所,114,7:00,20:00,881-0648,昭和区御器所三丁目1-29,35.1491739,136.9242416,民間,宗教法人,延長保育,6ヶ月,5歳
小規模保育事業所こびとのおうち,小規模保育事業Ａ型,19,7:30,18:30,364-8396,中川区高畑3-140,35.1380441,136.8533113,民間,特定非営利活動法人,none,6ヶ月,2歳
ききょう保育園,保育所,100,7:00,19:00,737-0415,守山区大字下志段味字北荒田2344-2,35.2421859,137.0134838,民間,社会福祉法人,延長保育+入所予約,産休あけ,5歳
多加良浦保育園,保育所,400,7:00,19:00,381-5718,港区多加良浦町5-3,35.1122329,136.8919935,民間,社会福祉法人,延長保育,6ヶ月,5歳
鳩岡保育園,保育所,100,7:30,19:30,913-0015,北区鳩岡二丁目18-7,35.208535,136.9128939,公立,名古屋市,延長保育,6ヶ月,5歳
衆善会保育園,保育所,100,7:00,19:00,264-4872,中区新栄三丁目33-11,35.169962,136.9117421,民間,社会福祉法人,延長保育+入所予約,産休あけ,5歳
黎明保育園,幼保連携型認定こども園,216,7:00,19:00,811-7052,瑞穂区河岸町3-36,35.1157028,136.9269452,民間,社会福祉法人,延長保育,5ヶ月,5歳
ぽかぽか保育室明徳,小規模保育事業Ｂ型,15,7:30,18:30,398-5107,港区小碓4丁目480,35.1194364,136.8564195,民間,株式会社,none,6ヶ月,2歳
平針保育園,保育所,180,7:00,18:15,803-5519,天白区平針四丁目1711,35.1204246,137.0060321,民間,社会福祉法人,none,1歳6ヶ月,5歳
あけぼの保育園,保育所,115,7:15,19:15,531-3858,西区天塚町1-28,35.1965461,136.8865055,民間,社会福祉法人,延長保育+入所予約,産休あけ,5歳
ぽかぽか保育室戸田,小規模保育事業Ｂ型,10,7:30,18:30,432-0006,中川区戸田明正三丁目401,35.1504567,136.822188,民間,株式会社,none,6ヶ月,2歳
九番保育園,保育所,65,7:30,18:00,653-6061,港区九番町1-1-1,35.0869961,136.8493913,公立,名古屋市,none,6ヶ月,5歳
オリーブの樹保育園,保育所,40,7:30,19:30,621-6622,緑区大高町高根山1-25,35.0462659,136.946616,民間,社会福祉法人,延長保育,産休あけ,3歳
比良西保育園,保育所,100,7:30,19:30,502-7076,西区清里町126,35.1943358,136.8952879,公立,名古屋市,延長保育,6ヶ月,5歳
栄夜間保育園,保育所,30,13:00,1:00,953-3514,中区新栄町2-4,35.169962,136.9117421,民間,財団法人,延長保育+夜間保育,8ヶ月,5歳
いぶき保育園,保育所,66,7:00,19:00,789-0551,天白区植田山三丁目1007,35.1473289,136.9906943,民間,社会福祉法人,延長保育+一時保育,産休あけ,5歳
みどり保育園,保育所,110,7:00,19:00,878-3163,緑区徳重五丁目412,35.0890003,136.9967783,民間,社会福祉法人,延長保育,3ヶ月,5歳
リーゴ岩塚,小規模保育事業Ａ型,15,7:30,18:30,414-5375,中村区烏森町5丁目38,35.1561064,136.8560174,民間,一般財団法人,none,6ヶ月,2歳
中川保育園,保育所,195,7:00,19:00,361-0824,中川区荒江町13-3,35.1415035,136.8857121,民間,社会福祉法人,延長保育+入所予約,産休あけ,5歳
鳴子保育園,保育所,100,7:30,19:30,892-5010,緑区長根町92,35.2055586,136.945713,公立,名古屋市,延長保育+子育て支援センター,産休あけ,5歳
ほしざき保育園,保育所,90,7:00,22:00,612-1775,南区鳴尾二丁目47,35.0750016,136.9349476,民間,社会福祉法人,延長保育+入所予約+子育て支援センター+休日保育,産休あけ,5歳
二ツ橋保育園,保育所,90,7:30,19:30,481-3500,中村区二ツ橋町3-35,35.1570477,136.8424909,公立,名古屋市,延長保育,6ヶ月,5歳
ぶどうの樹保育園,保育所,40,7:30,19:30,331-9500,中区大井町1-24,35.1503339,136.9043073,民間,社会福祉法人,延長保育,産休明け,3歳
和光保育園,保育所,160,7:15,19:15,381-8061,中川区東起町1-14-1,35.143056,136.8832928,民間,社会福祉法人,延長保育,6ヶ月,5歳
味鋺保育園,保育所,90,7:30,19:30,901-8142,北区楠味鋺五丁目1501,35.2190814,136.9298918,公立,名古屋市,延長保育,6ヶ月,5歳
ゆめの樹保育園,保育所,60,7:00,19:00,462-9331,中村区日比津町3-1-26,35.1824474,136.8572554,民間,社会福祉法人,延長保育,産休あけ,5歳
極楽保育園,保育所,120,7:00,19:00,703-7007,名東区大針一丁目266,35.1550287,137.0232964,民間,社会福祉法人,延長保育+子育て支援センター+入所予約,産休あけ,5歳
かもめ保育園,保育所,120,7:00,19:00,383-4518,港区宝神三丁目1401,35.0886766,136.8531436,民間,社会福祉法人,延長保育,産休あけ,5歳
緑ケ丘保育園,保育所,195,7:45,18:00,661-0085,中川区松年町2-57,35.1225225,136.8721758,民間,宗教法人,一時保育,8ヶ月,5歳
リーゴ八勝通,小規模保育事業Ａ型,15,7:30,18:30,861-7258,瑞穂区八勝通一丁目14番地4,35.1276415,136.9526147,民間,一般財団法人,none,6ヶ月,2歳
田代保育園,保育所,36,7:15,21:15,762-2602,千種区山添町1-75-2,35.162343,136.9548079,民間,社会福祉法人,延長保育,産休あけ,2歳
望が丘せせらぎ保育園,保育所,98,7:00,19:00,778-8061,名東区望が丘277,35.1738477,137.0044647,民間,社会福祉法人,延長保育,産休あけ,5歳
振甫保育園,保育所,40,7:30,18:00,722-8223,千種区振甫町3-34,35.1747884,136.9523578,公立,名古屋市,子育て支援センター+入所予約,産休あけ,2歳
戸田さくら保育園,保育所,40,7:00,19:00,302-6655,中川区供米田二丁目1510,35.147455,136.8663751,民間,社会福祉法人,延長保育,6ヶ月,2歳
保育室はりねずみ,家庭的保育事業,3,8:30,16:30,N/A,北区西味鋺三丁目,35.2231418,136.9169179,民間,個人,none,6ヶ月,2歳
あかね保育園,保育所,40,7:00,19:00,622-8816,緑区定納山一丁目1215,35.0559785,136.9336672,民間,NPO法人,延長保育,産休あけ,3歳
しんほそぐち保育園,保育所,60,7:00,19:00,842-9448,緑区細口二丁目807,35.0870892,136.989682,民間,社会福祉法人,延長保育,6ヶ月,5歳
小規模保育事業保育ルームルナⅦ泉,小規模保育事業Ｂ型,15,7:30,18:30,971-0010,東区泉一丁目8番24号,35.1767,136.9123364,民間,社会福祉法人,none,6ヶ月,2歳
名古屋厚生会館第一保育園,保育所,261,7:30,19:30,565-0175,西区栄生一丁目2-2,35.2224022,136.8973644,民間,社会福祉法人,延長保育+入所予約,産休あけ,5歳
認定丘の上こども園,幼保連携型認定こども園,270,7:30,19:30,624-8855,緑区大高町字高根山2-8,35.0863789,136.9551291,民間,社会福祉法人,延長保育+入所予約+子育て支援センター,産休あけ,5歳
中保育園,保育所,100,7:30,19:30,321-1010,中区大井町2-13,35.183814,136.8633243,公立,名古屋市,延長保育+子育て支援センター,産休あけ,5歳
大生幼児園,保育所,352,7:00,19:00,611-4852,南区西比兵ヱ町3-74,35.093563,136.91615,民間,社会福祉法人,延長保育+入所予約,産休あけ,5歳
新生東志賀保育園,保育所,59,7:30,19:30,917-5077,北区志賀町5-2,35.1919171,136.904573,民間,社会福祉法人,延長保育+入所予約,6ヶ月,2歳
Ｊースカイ保育園,保育所,40,7:00,19:00,737-0090,守山区大字吉根字階子田3163-18,35.2284817,136.9951392,民間,社会福祉法人,延長保育+休日保育,6ヶ月,3歳
くろーばー保育室,家庭的保育事業,5,7:30,18:30,N/A,天白区向が丘一丁目,35.1388798,136.9791815,民間,個人,none,6ヶ月,2歳
南大高保育園,保育所,30,7:30,19:30,626-1225,緑区大高町字南休13,35.0557017,136.9400093,民間,社会福祉法人,延長保育,6ヶ月,2歳
春岡保育園,保育所,80,7:45,19:45,731-8788,千種区今池南12-3,35.1640225,136.9387204,民間,社会福祉法人,延長保育,産休あけ,5歳
道徳たけの子保育室,小規模保育事業Ｂ型,15,7:30,18:30,692-2207,南区六条町3-9,35.2100446,136.9651698,民間,共同保育所運営委員会,none,6ヶ月,2歳
ぽかぽか保育室如意,小規模保育事業Ｂ型,10,7:30,18:30,982-6601,北区桐畑町101,35.233574,136.9272972,民間,株式会社,none,6ヶ月,2歳
畑田保育園,保育所,90,7:30,19:30,382-7008,中川区畑田町2-6,35.1442933,136.8024072,公立,名古屋市,延長保育,6ヶ月,5歳
名城保育園,保育所,90,7:30,19:30,981-4356,北区名城三丁目3-2-101,35.1887982,136.9060673,公立,名古屋市,延長保育,6ヶ月,5歳
ぴよぴよ社台,小規模保育事業Ａ型,12,7:30,18:30,799-8712,名東区社台3丁目153-1,35.172221,137.0005736,民間,株式会社,none,6ヶ月,2歳
よもぎ保育園,保育所,90,7:30,19:30,774-5533,名東区よもぎ台二丁目514,35.1638295,137.000757,公立,名古屋市,延長保育,6ヶ月,5歳
宝神保育園,保育所,90,7:30,19:30,383-0505,港区宝神四丁目701,35.1121289,136.8444436,公立,名古屋市,延長保育,6ヶ月,5歳
星ヶ丘保育園,保育所,90,7:30,19:30,781-6275,千種区星ケ丘一丁目23-7,35.1619072,136.9895972,公立,名古屋市,延長保育,6ヶ月,5歳
いずみ中川乳児園,小規模保育事業Ｂ型,17,7:30,18:30,655-5541,中川区中島新町3-111-2,35.1259076,136.8546749,民間,社会福祉法人,none,6ヶ月,2歳
名古屋市ポピンズ保育室かなれ,小規模保育事業Ｂ型,15,7:30,18:30,778-2107,名東区香南1-418,35.1876876,137.0026532,民間,株式会社,none,6ヶ月,2歳
宮西保育園,保育所,90,7:30,19:30,682-6580,熱田区一番三丁目2-10,35.1351582,136.9051855,公立,名古屋市,延長保育,6ヶ月,5歳
上飯田南保育園,保育所,130,7:30,19:30,915-1470,北区上飯田南町4-1,35.2018197,136.9258927,公立,名古屋市,延長保育,6ヶ月,5歳
認定こども園正木幼児園,保育所型認定こども園,125,7:30,18:30,331-9327,中区古渡町16-11,35.1582858,136.9111342,民間,宗教法人,none,8ヶ月,5歳
桃の花保育園,保育所,63,7:30,19:30,795-0030,守山区川村町149,35.1939483,137.012496,民間,学校法人,延長保育+入所予約,産休あけ,5歳
千種わかすぎ保育園,保育所,60,7:15,19:15,739-6659,千種区汁谷町7,35.1660732,136.9667959,民間,社会福祉法人,延長保育,産休あけ,5歳
スクルドエンジェル保育室ふじがおか,小規模保育事業Ａ型,19,7:30,18:30,772-2225,名東区富が丘37,35.1787223,137.0122135,民間,株式会社,none,6ヶ月,2歳
正雲寺保育園,保育所,115,7:15,19:15,303-4450,中川区下之一色町字西ノ切49-29,35.123169,136.842721,民間,社会福祉法人,延長保育+入所予約,産休あけ,5歳
東保育園,保育所,100,7:30,19:30,935-1871,東区筒井町4-25,35.1773702,136.9308819,公立,名古屋市,延長保育+子育て支援センター+休日保育,産休あけ,5歳
箱舟保育園,保育所,160,7:30,19:30,823-3040,南区鳥栖一丁目15-32,35.1101927,136.9372916,民間,社会福祉法人,延長保育,6ヶ月,5歳
名古屋ドレミ保育園,幼保連携型認定こども園,108,7:00,19:00,302-8833,港区秋葉二丁目110,35.1068178,136.8173082,民間,社会福祉法人,延長保育+子育て支援センター+入所予約,6ヶ月,5歳
小規模保育事業ソラーナじょうさい,小規模保育事業Ａ型,19,7:30,18:30,982-8345,西区城西5丁目22番25号,35.2117385,136.874584,民間,社会福祉法人,none,6ヶ月,2歳
春岡夜間保育園,保育所,30,11:00,1:00,733-9131,千種区今池南12-6,35.1639641,136.9390899,民間,社会福祉法人,延長保育+夜間保育,産休あけ,5歳
豊成保育園,保育所,90,7:30,19:30,362-8060,中川区豊成町101,35.1229033,136.881633,公立,名古屋市,延長保育+子育て支援センター,6ヶ月,5歳
ちいさなおうちえん城西,小規模保育事業Ａ型,15,7:30,18:30,522-2277,西区城西4-11-20,35.2202603,136.8873822,民間,株式会社,none,6ヶ月,2歳
ぽかぽか保育室大高北,小規模保育事業Ｂ型,12,7:30,18:30,883-9450,緑区大高町字鶴田10-2,35.0693438,136.9389806,民間,株式会社,none,6ヶ月,2歳
泉の杜保育園,保育所,60,7:00,19:00,963-5022,東区泉一丁目21-24,35.1744226,136.9126142,民間,社会福祉法人,延長保育,6ヶ月,5歳
宮根保育園,保育所,90,7:30,19:30,773-2823,千種区宮根台二丁目9-12,35.1836487,136.981139,公立,名古屋市,延長保育,6ヶ月,5歳
ステラ保育園,保育所,60,7:00,19:00,777-3911,名東区猪子石三丁目118,35.1866124,136.9902827,民間,社会福祉法人,延長保育+一時保育+子育て支援センター+入所予約,産休あけ,5歳
森の里保育園,保育所,90,7:30,19:30,621-8255,緑区森の里一丁目106,35.0942884,136.9934369,公立,名古屋市,延長保育,6ヶ月,5歳
日吉保育園,保育所,300,7:00,19:00,482-1171,中村区千成通3-13,35.1672797,136.8428152,民間,社会福祉法人,延長保育+一時保育,6ヶ月,5歳
おおしま保育園,保育所,40,7:15,19:15,751-0014,千種区大島町3-48-2,35.186705,136.9768857,民間,社会福祉法人,延長保育,産休あけ,3歳
駒方保育園,保育所,120,7:00,19:00,831-8304,昭和区駒方町3-1,35.1472252,136.9498838,民間,社会福祉法人,延長保育+一時保育,産休あけ,5歳
ニチイキッズ川名保育室,小規模保育事業Ｂ型,14,7:30,18:30,764-3400,昭和区折戸町5丁目40,35.1471781,136.9536057,民間,株式会社,none,6ヶ月,2歳
はなの木保育園,保育所,60,7:15,19:15,875-3030,緑区小坂二丁目2001,35.0814668,136.9767609,民間,社会福祉法人,延長保育,6ヶ月,5歳
かわさき保育園,保育所,70,7:00,19:00,764-2500,千種区川崎町1-51,35.1844012,136.9675565,民間,社会福祉法人,延長保育,産休あけ,5歳
白水保育園,幼保連携型認定こども園,290,7:00,19:30,611-0439,南区鶴見通1-3-11,35.0755125,136.912178,民間,社会福祉法人,延長保育+子育て支援センター+入所予約,産休あけ,5歳
桃の里保育園,保育所,40,7:00,19:00,791-8500,守山区大牧町10-11,35.2035705,136.9607591,民間,学校法人,延長保育,6ヶ月,3歳
てとろ志段味保育園,保育所,40,7:00,19:00,739-0550,守山区大字下志段味字島ノ口1848,35.1919447,136.9740642,民間,NPO法人,延長保育,6ヶ月,3歳
鳴海そらいろ保育園,保育所,40,7:00,19:00,621-8220,緑区鳴海町字上汐田19,35.0773293,136.9476576,民間,学校法人,延長保育,6ヶ月,3歳
芝保育園,保育所,90,7:30,19:30,822-4855,南区芝町152-1,35.0987638,136.9455772,公立,名古屋市,延長保育,6ヶ月,5歳
日向さくら保育園,保育所,60,7:15,19:15,838-9261,瑞穂区日向町2丁目13,35.1321767,136.9420961,民間,社会福祉法人,延長保育,6ヶ月,5歳
亀の井保育園,保育所,90,7:30,19:30,703-4380,名東区亀の井二丁目201,35.177544,136.9914245,公立,名古屋市,延長保育,6ヶ月,5歳
ナザレ保育園,保育所,108,7:15,19:15,241-6590,中区千代田五丁目15-2,35.1591304,136.9180086,民間,社会福祉法人,延長保育,8ヶ月,5歳
たんぽぽ保育園,保育所,80,7:00,0:00,841-0902,瑞穂区洲山町3-44,35.1184309,136.9392329,民間,社会福祉法人,延長保育+一時保育+入所予約,産休あけ,5歳
小鳩幼児園,保育所型認定こども園,122,7:00,19:00,661-5582,港区千鳥一丁目13-7,35.1175205,136.8721067,民間,社会福祉法人,延長保育+入所予約,産休あけ,5歳
鳴海保育園,保育所,140,7:30,18:30,621-6311,緑区鳴海町字作町84,35.0812985,136.9490797,民間,社会福祉法人,一時保育+入所予約,産休あけ,5歳
牧野原保育園,保育所,90,7:30,19:30,703-1177,名東区牧の原一丁目1303,35.1517674,136.9996962,公立,名古屋市,延長保育,6ヶ月,5歳
中村保育園わくわく館,小規模保育事業Ｂ型,19,7:30,18:30,446-6326,中村区鳥居西通1丁目1番地,35.1687243,136.8545029,民間,社会福祉法人,none,6ヶ月,2歳
千成保育園,保育所,61,7:30,18:30,482-1940,中村区千成通5-27,35.1750243,136.8828975,民間,社会福祉法人,none,産休あけ,3歳
リーゴ新瑞橋,小規模保育事業Ａ型,19,7:30,18:30,836-7122,瑞穂区弥富通一丁目41,35.1175421,136.9405911,民間,一般財団法人,none,6ヶ月,2歳
小規模保育事業保育ルームルナⅥ新栄葵,小規模保育事業Ｂ型,15,7:30,18:30,252-0061,中区新栄一丁目7-5,35.1495617,136.9040657,民間,社会福祉法人,none,6ヶ月,2歳
並木保育園,保育所,100,7:15,19:15,411-2325,中村区並木一丁目23,35.1700826,136.8571859,民間,社会福祉法人,延長保育,6ヶ月,5歳
小規模保育事業にじいろ,小規模保育事業Ｂ型,19,7:30,18:30,877-7676,緑区桃山3-1614,35.0940901,136.9677281,民間,個人,none,6ヶ月,2歳
緑いずみ台保育園,保育所,30,7:30,19:30,838-9061,緑区古鳴海一丁目168,35.0970137,137.0134789,民間,社会福祉法人,延長保育,産休あけ,3歳
高坂こども園,幼保連携型認定こども園,135,7:15,19:15,804-0010,天白区高坂町74,35.1248128,137.0030934,民間,社会福祉法人,延長保育,6ヶ月,5歳
リーゴ五才美保育園,保育所,60,7:30,19:30,504-2800,西区五才美町57,35.1954076,136.8910384,民間,一般財団法人,延長保育,6ヶ月,5歳
本地第一保育園,保育所,90,7:30,18:00,772-4121,守山区本地が丘1601,35.1997284,137.0232053,公立,名古屋市,none,6ヶ月,5歳
お茶の花幼児園,保育所,70,8:00,18:00,831-7588,瑞穂区弥富通4-45,35.1197842,136.9557452,民間,個人,none,10ヶ月,5歳
小規模保育事業ソラーナほんごう,小規模保育事業Ｂ型,15,7:30,18:30,778-8300,名東区藤森2丁目286番地,35.1876131,137.0190371,民間,社会福祉法人,none,6ヶ月,2歳
日比野保育園,保育所,140,7:15,19:15,682-0081,熱田区大宝三丁目5-9,35.1206207,136.8967787,民間,宗教法人,延長保育+一時保育+入所予約,5ヶ月,5歳
なえしろ保育園,保育所,120,7:00,19:30,793-7546,守山区野萩町2-61,35.1995274,136.9864827,民間,社会福祉法人,延長保育+一時保育+子育て支援センター+入所予約,産休あけ,5歳
保育室わんわん,家庭的保育事業,5,7:30,18:30,N/A,緑区鳴丘二丁目,35.0902749,136.9893764,民間,個人,none,6ヶ月,2歳
みどり菜の花保育園,保育所,40,7:00,19:00,879-5557,緑区鳴海町字神ノ倉3-1383,35.0971134,137.0031523,民間,社会福祉法人,延長保育+入所予約,産休あけ,3歳
松操保育園,保育所型認定こども園,254,7:30,18:30,361-3067,中川区小本本町3-92,35.1419779,136.8663365,民間,個人,none,6ヶ月,5歳
スクルドエンジェル保育室みなと園,小規模保育事業Ｂ型,15,7:30,18:30,655-5220,港区川西通五丁目28-1,35.0840726,136.9167911,民間,株式会社,none,6ヶ月,2歳
うきの風の子保育園,保育所,120,7:30,19:30,505-9550,西区浮野町97-93,35.2258284,136.8579657,民間,社会福祉法人,延長保育+一時保育+入所予約,産休あけ,5歳
名古屋市ポピンズ保育室植田,小規模保育事業Ｂ型,10,7:30,18:30,806-2101,天白区植田2丁目107番地,35.1319171,136.9889613,民間,株式会社,none,6ヶ月,2歳
称円寺保育園,保育所,20,8:00,18:00,301-8561,中川区助光一丁目111,35.1385525,136.8084515,民間,宗教法人,none,4歳,5歳
かわらまち保育園,保育所,50,7:00,0:00,323-2650,中区金山一丁目2-27,35.1468008,136.9004383,民間,社会福祉法人,延長保育,産休あけ,5歳
あおぞら保育園,保育所,60,7:15,19:15,802-9873,天白区中平一丁目1902,35.1284032,136.975071,民間,社会福祉法人,延長保育+一時保育,産休あけ,5歳
エンゼルキッズ押切,保育所,40,7:00,19:00,325-6800,西区押切一丁目9-20,35.2267519,136.8996278,民間,学校法人,延長保育,6ヶ月,3歳
すもも保育室,家庭的保育事業,5,7:30,18:30,N/A,西区比良四丁目,35.1884418,136.8855334,民間,個人,none,6ヶ月,2歳
てんとうむし保育室,家庭的保育事業,5,7:30,18:30,N/A,中川区中野新町,35.1350122,136.8680922,民間,個人,none,6ヶ月,2歳
スクルドエンジェル保育室かなや園,小規模保育事業Ａ型,19,7:30,18:30,799-8490,守山区金屋2丁目77-1,35.2019577,136.9888685,民間,株式会社,none,6ヶ月,2歳
小幡もりの風保育園,保育所,90,7:00,19:00,726-3261,守山区小幡千代田1309,35.2396947,137.0193832,民間,社会福祉法人,延長保育,6ヶ月,5歳
砂田橋保育園,保育所,90,7:30,19:30,721-9932,東区砂田橋三丁目2-101-118,35.1597722,136.9230636,公立,名古屋市,延長保育+子育て支援センター,6ヶ月,5歳
大の木保育園,幼保連携型認定こども園,125,7:15,19:15,501-1435,西区大野木二丁目135,35.2292959,136.8943004,民間,社会福祉法人,延長保育+子育て支援センター+入所予約,産休あけ,5歳
ぶどうの実保育園,保育所,60,7:30,19:30,322-2002,中区千代田三丁目31－6,35.1531533,136.9132342,民間,社会福祉法人,延長保育,6ヶ月,5歳
森田保育園,保育所,90,7:30,19:30,481-2401,中村区森田町1-6-10,35.1785454,136.8628215,公立,名古屋市,延長保育,6ヶ月,5歳
土原の丘保育園,保育所,60,7:00,19:00,893-7200,天白区土原二丁目154-1,35.1276814,137.0004407,民間,社会福祉法人,延長保育,6ヶ月,5歳
名港保育園,保育所,90,7:30,18:30,661-1069,港区港楽三丁目4-17,35.1129159,136.8824057,民間,宗教法人,none,6ヶ月,5歳
バンビーノ乳児園,小規模保育事業Ａ型,15,7:30,18:30,381-7272,港区多加良浦町4丁目270番,35.1165422,136.847818,民間,社会福祉法人,none,6ヶ月,2歳
たかなし保育園,保育所,40,7:15,19:15,355-6013,中川区西伏屋二丁目1111,35.1307229,136.8076576,民間,社会福祉法人,延長保育,産休あけ,3歳
ジョイフル守山保育園,保育所,90,7:00,19:00,739-3611,守山区平池東301,35.2335649,137.0159587,民間,社会福祉法人,延長保育,6ヶ月,5歳
ニチイキッズ長須賀保育園,保育所,60,7:30,19:30,439-0557,中川区長須賀三丁目905－1,35.1431774,136.8548044,民間,株式会社,延長保育,6ヶ月,5歳
たかばた保育園,保育所,363,7:15,19:15,351-3091,中川区高畑一丁目46,35.1426747,136.8538185,民間,宗教法人,延長保育,7ヶ月,5歳
小規模保育事業ソラーナひびの,小規模保育事業Ａ型,15,7:30,18:30,228-7880,熱田区中出町2丁目22,35.1318773,136.8912369,民間,社会福祉法人,none,6ヶ月,2歳
泉坊保育園,保育所,90,7:30,18:00,682-5150,熱田区白鳥三丁目6-8,35.1393817,136.8894812,民間,社会福祉法人,none,産休あけ,5歳
宮前保育園,保育所,100,7:30,19:30,914-5250,北区上飯田南町4-1-18,35.1995314,136.9348142,公立,名古屋市,延長保育,6ヶ月,5歳
愛知保育園,保育所,33,7:30,18:30,351-7014,中川区愛知町30-20,35.1585936,136.8156358,民間,個人,none,1歳,5歳
幼保連携型認定こども園フェアリーイースト保育園,幼保連携型認定こども園,116,7:00,19:00,739-0901,守山区大字下志段味字吉田2235,35.2375648,137.0258715,民間,社会福祉法人,延長保育,4ヶ月,5歳
名古屋市家庭保育室オアシス名西,小規模保育事業Ｂ型,15,7:30,18:30,325-6000,西区比穂町4-53,35.2315458,136.8980833,民間,社会福祉法人,none,6ヶ月,2歳
めいほく保育園,保育所,120,7:00,22:00,911-1627,北区上飯田南町5-52-2,35.2045858,136.9200015,民間,社会福祉法人,延長保育+一時保育+子育て支援センター+入所予約+休日保育,産休あけ,5歳
リーゴ植田保育園,保育所,60,7:30,19:30,838-7818,天白区植田二丁目109,35.1209438,136.9997272,民間,財団法人,延長保育,産休明け,3歳
すずらん幼児園,保育所,90,7:30,18:30,841-6901,瑞穂区白竜町1-61,35.1189612,136.9348555,民間,個人,none,6ヶ月,5歳
植田にじの花保育園,保育所,90,7:00,19:00,893-7815,天白区元植田二丁目1602,35.1328753,136.9890363,民間,社会福祉法人,延長保育,6ヶ月,5歳
一番町保育園,保育所,98,7:20,19:20,671-1745,熱田区一番一丁目19-3,35.1257868,136.8983949,民間,宗教法人,延長保育,6ヶ月,5歳
アスク平針北保育園,保育所,60,7:30,19:30,800-1017,天白区平針一丁目113,35.1362686,136.9624191,民間,株式会社,延長保育,6ヶ月,5歳
マナ第２保育園,保育所,40,7:00,19:00,811-5433,南区呼続三丁目11-23-2,35.0757542,136.9069509,民間,社会福祉法人,延長保育,6ヶ月,5歳
エンジェル保育園,保育所,60,7:00,19:00,936-9331,東区新出来一丁目4-12,35.1807392,136.9309206,民間,社会福祉法人,延長保育+入所予約,産休あけ,5歳
金山保育園,保育所,90,7:00,19:00,671-6847,熱田区金山町一丁目15-1,35.1218731,136.8907514,民間,社会福祉法人,延長保育,産休あけ,5歳
荒輪井保育園,保育所,120,7:30,19:30,411-7200,中村区荒輪井町1-112,35.1532708,136.8595922,公立,名古屋市,延長保育+入所予約,産休あけ,5歳
瑠璃光幼児園,保育所,80,7:30,18:00,912-5003,北区瑠璃光町1-8,35.1970703,136.9248818,民間,宗教法人,none,2歳,5歳
ぜんしん保育園,保育所,273,7:00,19:00,382-6410,港区善進本町191,35.1143297,136.8877161,民間,社会福祉法人,延長保育+子育て支援センター+入所予約+休日保育,産休あけ,5歳
上飯田東保育園,保育所,90,7:30,19:30,981-9355,北区上飯田東町4丁目68-3,35.2004897,136.9359418,公立,名古屋市,延長保育,6ヶ月,5歳
上小田井第二保育園,保育所,60,7:00,19:00,505-5512,西区市場木町440,35.2081832,136.8898973,民間,社会福祉法人,延長保育+入所予約,産休あけ,2歳
中野保育園,保育所型認定こども園,143,7:15,18:15,361-5840,中川区丹後町1-85,35.1344682,136.8825016,民間,個人,none,産休あけ,5歳
茶屋保育園,保育所,90,7:30,18:00,303-3950,港区西茶屋一丁目35-6,35.1170348,136.8845302,公立,名古屋市,none,6ヶ月,5歳
ぽかぽか保育室高蔵,小規模保育事業Ｂ型,15,7:30,18:30,265-8105,熱田区沢上一丁目5番26号,35.1276651,136.9158375,民間,株式会社,none,6ヶ月,2歳
守山保育園,保育所,118,7:30,19:30,791-5311,守山区守山三丁目2-3,35.2087413,136.9380247,公立,名古屋市,延長保育,6ヶ月,5歳
水草保育園,保育所,90,7:30,19:30,915-4640,北区水草町2-60-2,35.2041975,136.9366222,公立,名古屋市,延長保育+子育て支援センター,6ヶ月,5歳
猫洞保育園,保育所,60,7:00,19:00,782-2648,千種区猫洞通4-25-1,35.1646698,136.9425256,民間,社会福祉法人,延長保育,産休あけ,5歳
よびつぎ保育園,保育所,120,7:30,18:30,811-2701,南区汐田町7-25,35.1008497,136.9461438,民間,宗教法人,none,産休あけ,5歳
神松保育園,保育所,90,7:30,18:00,611-7898,南区神松町1-12,35.1009442,136.8420029,公立,名古屋市,none,6ヶ月,5歳
打出保育園,保育所,290,7:45,18:00,362-5728,中川区打出二丁目26,35.122219,136.8327278,民間,社会福祉法人,一時保育,産休あけ,5歳
第二めいほく保育園,保育所,30,7:15,19:30,914-9554,北区上飯田南町1-12-2,35.2019227,136.9312089,民間,社会福祉法人,延長保育,産休あけ,2歳
Ｅ－スカイ幼児園,保育所,60,7:00,19:00,973-0221,中区丸の内三丁目8-14,35.1763276,136.9048621,民間,社会福祉法人,延長保育,6ヶ月,5歳
御田保育園,保育所,90,7:30,19:30,412-2000,中村区岩塚町字林高寺東29-1,35.1785454,136.8628215,公立,名古屋市,延長保育,6ヶ月,5歳
こじか保育室,家庭的保育事業,5,7:30,18:30,N/A,北区如意四丁目,35.2359932,136.9210088,民間,個人,none,6ヶ月,2歳
新開保育園,保育所,90,7:30,18:00,882-0991,瑞穂区新開町24-119,35.1365788,136.9353605,公立,名古屋市,none,6ヶ月,5歳
松栄保育園,保育所,70,7:30,19:30,841-2057,昭和区塩付通6-3,35.1439112,136.9372795,民間,社会福祉法人,延長保育,6ヶ月,5歳
吹上そらいろ保育園,保育所,50,7:15,19:15,735-5960,千種区千種通七丁目25-1,35.158973,136.9356431,民間,学校法人,延長保育,6ヶ月,3歳
花表こばと保育園,保育所,60,7:15,19:15,626-6031,熱田区花表町4-3,35.1279141,136.894859,民間,社会福祉法人,延長保育,6ヶ月,5歳
萩野保育園,保育所,225,7:00,19:00,981-9683,北区光音寺町2-93,35.2089011,136.9040865,民間,宗教法人,延長保育+入所予約,6ヶ月,5歳
鳴海みその園,保育所,60,7:30,18:00,892-1107,緑区鳴海町薬師山156,35.0456798,136.9470743,民間,社会福祉法人,延長保育,産休あけ,5歳
名東ピッコロ保育園,保育所,40,7:30,19:30,725-8020,名東区香流一丁目1114,35.1751647,137.0212403,民間,社会福祉法人,延長保育,産休あけ,3歳
都保育園,保育所,90,7:30,19:30,721-9934,千種区豊年町3-18,35.1777012,136.938795,公立,名古屋市,延長保育,6ヶ月,5歳
まえだの森保育園,保育所,60,7:30,19:30,364-8327,中川区前田西町2丁目1008－1,35.1344754,136.8129819,民間,学校法人,延長保育,6ヶ月,5歳
ＹＭＣＡかみさわ保育園,保育所,65,7:30,19:30,879-6222,緑区神沢二丁目831,35.0940549,136.9875404,民間,学校法人,延長保育,6ヶ月,5歳
大森保育園,保育所,120,7:30,19:30,798-0082,守山区大森三丁目504,35.1974575,136.9571178,公立,名古屋市,延長保育,6ヶ月,5歳
小規模保育事業保育ルームルナⅢ大曽根,小規模保育事業Ｂ型,15,7:30,18:30,916-0012,北区大曽根二丁目3番5号,35.1933255,136.9085726,民間,社会福祉法人,none,6ヶ月,2歳
いりなか保育園,保育所,70,7:15,19:15,832-0014,昭和区滝川町93-1,35.1580257,136.9323934,民間,社会福祉法人,延長保育+一時保育+子育て支援センター+入所予約,産休あけ,5歳
明野保育園,保育所,80,7:00,19:00,671-8611,熱田区明野町10-11,35.130922,136.8933507,民間,社会福祉法人,延長保育+入所予約,産休あけ,5歳
大池保育園,保育所,100,7:30,19:30,251-3944,中区千代田二丁目4-25,35.1769707,136.8677183,公立,名古屋市,延長保育+一時保育+子育て支援センター,6ヶ月,5歳
ふたば保育園,保育所,230,7:00,19:00,793-0535,守山区小幡二丁目10-18,35.2137017,136.9424631,民間,社会福祉法人,延長保育+一時保育+入所予約,産休あけ,5歳
ニチイキッズ今池保育室,小規模保育事業Ｂ型,15,7:30,18:30,744-0236,千種区内山二丁目11番21号,35.158973,136.9356431,民間,株式会社,none,6ヶ月,2歳
東山いずみ保育園,保育所,40,7:30,19:30,781-5670,千種区園山町一丁目18-4,35.1610378,136.9823144,民間,社会福祉法人,延長保育,6ヶ月,3歳
とまと保育室,家庭的保育事業,5,7:30,18:30,N/A,名東区高社一丁目,35.1629301,137.0154387,民間,個人,none,6ヶ月,2歳
やまもみじ保育園,保育所,60,7:15,19:15,710-7548,緑区桶狭間神明3510,35.0545101,136.9643897,民間,社会福祉法人,延長保育,6ヶ月,5歳
清凉保育園,保育所,45,7:45,18:00,355-2527,中川区五女子町4-32-1,35.1426977,136.8817625,民間,社会福祉法人,none,産休あけ,5歳
ゆうゆう乳児園,保育所,40,7:00,19:00,389-2300,港区稲永四丁目1-15,35.0878324,136.8576514,民間,社会福祉法人,延長保育,6ヶ月,3歳
千年保育園,保育所,170,7:30,18:30,661-0922,熱田区千年二丁目28-6,35.1144855,136.89744,民間,個人,none,6ヶ月,5歳
松原幼児園,保育所,250,8:00,18:00,321-5307,中区橘一丁目21-38,35.1536666,136.9013047,民間,宗教法人,none,10ヶ月,5歳
宝生保育園,保育所,90,7:30,18:00,613-1181,南区宝生町2-1,35.0890831,136.9145886,公立,名古屋市,none,6ヶ月,5歳
当知保育園,保育所,90,7:30,19:30,383-4722,港区当知三丁目2610,35.1076151,136.8256184,公立,名古屋市,延長保育,6ヶ月,5歳
リーゴ京命保育園,保育所,60,7:30,19:30,775-1515,千種区京命一丁目8-25,35.1788323,136.9646854,民間,一般財団法人,延長保育,6ヶ月,5歳
丸池保育園,保育所,90,7:30,18:00,651-2261,港区丸池町1-1-1,35.1063244,136.8543067,公立,名古屋市,none,6ヶ月,5歳
小規模保育事業保育ルームルナⅧ喜多山,小規模保育事業Ｂ型,19,7:30,18:30,792-0010,守山区喜多山南12番11号,35.211702,136.9422215,民間,社会福祉法人,none,6ヶ月,2歳
豊岡保育園,保育所,100,7:30,18:30,841-9545,瑞穂区内方町2-4,35.1342342,136.9219617,民間,社会福祉法人,none,6ヶ月,5歳
ちいさなおうちえん城北,小規模保育事業Ａ型,10,7:30,18:30,911-8800,北区名城二丁目2,35.2037796,136.9066476,民間,株式会社,none,6ヶ月,2歳
保育室こあら,家庭的保育事業,5,7:30,18:30,N/A,守山区森孝一丁目,35.1924871,137.0036556,民間,個人,none,6ヶ月,2歳
ちゃいれっく南堀越保育園,保育所,60,7:00,19:00,325-2406,西区南堀越一丁目607,35.1970126,136.8806477,民間,株式会社,延長保育,6ヶ月,5歳
いずみ保育園,保育所,280,7:15,19:15,381-5895,港区善進町2-18,35.0986736,136.8871753,民間,社会福祉法人,延長保育+一時保育+入所予約,6ヶ月,5歳
明治保育園,保育所,260,7:30,18:00,691-9743,南区豊一丁目24-3,35.1092399,136.9333531,民間,個人,none,6ヶ月,5歳
白雲幼児園,保育所,189,7:15,19:15,361-1741,中川区五女子二丁目11-13,35.1276349,136.8265421,民間,社会福祉法人,延長保育,産休あけ,5歳
はな保育室こがね,小規模保育事業Ａ型,19,7:30,18:30,398-5303,中川区五月通2丁目35,35.1303926,136.814882,民間,株式会社,none,6ヶ月,2歳
大永寺保育園,保育所,100,7:30,19:30,794-0388,守山区大永寺町192,35.1993724,137.0061939,公立,名古屋市,延長保育,6ヶ月,5歳
チャイルドアカデミー上社保育園,保育所,120,7:00,19:00,779-1152,名東区上社一丁目409,35.1844602,137.002109,民間,社会福祉法人,延長保育+入所予約,産休あけ,5歳
片平保育園,保育所,110,7:30,18:00,892-3107,緑区浦里一丁目32-1,35.0926503,136.9453217,公立,名古屋市,none,6ヶ月,5歳
戸田保育園,保育所,60,7:45,18:00,303-8121,中川区戸田三丁目904,35.1395361,136.8291521,民間,宗教法人,none,11ヶ月,5歳
あおば保育園,保育所,60,7:30,19:30,624-8860,緑区有松1001,35.0685673,136.9686727,民間,社会福祉法人,延長保育,産休あけ,5歳
春里保育園,保育所,90,7:30,19:30,762-3820,千種区春里町2-12-4,35.1719529,136.9633654,公立,名古屋市,延長保育,6ヶ月,5歳
かわらまち夜間保育園,保育所,30,11:00,1:00,323-2650,中区金山一丁目2-27,35.1468008,136.9004383,民間,社会福祉法人,延長保育+休日保育+夜間保育,産休あけ,5歳
西山保育園,保育所,120,7:00,19:00,783-2424,名東区西山本通3-7-2,35.1611214,136.9970714,民間,社会福祉法人,延長保育,産休あけ,5歳
シャイニーキッズ保育園,保育所,60,7:00,19:00,739-5021,名東区本郷一丁目91,35.192506,136.9872273,民間,社会福祉法人,延長保育,6ヶ月,5歳
ウィズブック保育室東別院,小規模保育事業Ａ型,19,7:30,18:30,228-6852,中区橘2丁目3-28,35.147382,136.9146342,民間,株式会社,none,6ヶ月,2歳
平針原保育園,保育所,100,7:30,19:30,803-0144,天白区原五丁目406,35.1196438,136.9945805,公立,名古屋市,延長保育,6ヶ月,5歳
正色第一保育園,保育所,90,7:30,18:00,301-8901,中川区下之一色町字中ノ切63-1,35.1272128,136.8348161,公立,名古屋市,none,6ヶ月,5歳
猪子石第一保育園,保育所,110,7:30,19:30,771-7884,名東区つつじが丘201,35.1828601,136.9913771,公立,名古屋市,延長保育,6ヶ月,5歳
名東保育園,保育所,141,7:00,19:30,701-2622,名東区高間町135,35.1598217,137.0004821,民間,社会福祉法人,延長保育+一時保育+子育て支援センター+入所予約+休日保育,産休あけ,5歳
大幸保育園,保育所,167,7:30,18:30,711-1893,東区大幸四丁目12-28,35.1906473,136.9538433,民間,宗教法人,入所予約,産休あけ,5歳
親愛保育園,保育所,310,7:30,18:30,661-1314,港区本宮町3-18,35.1097938,136.8722182,民間,社会福祉法人,入所予約,産休あけ,5歳
すみれ保育園,保育所,110,7:00,19:00,301-0011,中川区水里三丁目48,35.1421995,136.8188252,民間,社会福祉法人,延長保育,産休明け,5歳
すくすく浦里保育園,保育所,60,7:00,19:00,624-2680,緑区浦里五丁目241,35.0831511,136.9449911,民間,特定非営利活動法人,延長保育,6ヶ月,5歳
めだか保育室,小規模保育事業Ａ型,10,7:30,18:30,793-7546,守山区弁天が丘1106番地,35.208532,136.9981031,民間,社会福祉法人,none,6ヶ月,2歳
ぽかぽか保育室常磐,小規模保育事業Ｂ型,15,7:30,18:30,665-6133,中川区南脇町3-67,35.1450492,136.8251993,民間,株式会社,none,6ヶ月,2歳
いちご保育室,家庭的保育事業,3,8:00,17:00,N/A,緑区姥子山三丁目,35.0695323,136.9814886,民間,個人,none,6ヶ月,2歳
上ノ池保育園,保育所,100,7:30,19:30,801-9388,天白区平針南一丁目114,35.111489,136.9901423,公立,名古屋市,延長保育,6ヶ月,5歳
えにし保育園,保育所,40,7:15,19:15,626-5972,緑区南陵507,35.0463166,136.9665229,民間,社会福祉法人,延長保育,産休あけ,3歳
新富町保育園,保育所,90,7:30,18:00,471-6419,中村区新富町2-4-25,35.1640674,136.8812729,公立,名古屋市,none,6ヶ月,5歳
認定こども園神の倉清凉保育園,幼保連携型認定こども園,155,7:00,19:00,878-7756,緑区東神の倉三丁目1803,35.1050295,137.0181559,民間,社会福祉法人,延長保育+子育て支援センター+入所予約,産休あけ,5歳
かなれ原保育園,保育所,50,7:00,19:00,775-6635,名東区猪子石原二丁目201,35.1683598,137.0164746,民間,社会福祉法人,延長保育,6ヶ月,2歳
山根保育園,保育所,100,7:30,19:30,803-7148,天白区山根町83,35.1100305,136.976252,公立,名古屋市,延長保育,6ヶ月,5歳
さざんか保育園,保育所,40,7:00,19:30,841-5743,瑞穂区村上町2-9,35.1213727,136.9502373,民間,社会福祉法人,延長保育+入所予約,産休あけ,3歳
笠寺幼児園,保育所型認定こども園,130,7:00,19:00,811-2883,南区笠寺町大門63,35.0977765,136.9358377,民間,社会福祉法人,延長保育+一時保育,産休あけ,5歳
直来保育園,保育所,90,7:30,19:30,881-4750,瑞穂区直来町5-2,35.1302736,136.925967,公立,名古屋市,延長保育,6ヶ月,5歳
よつ葉こども園,保育所型認定こども園,93,7:15,19:15,795-1588,守山区瀬古一丁目220番2,35.1955662,136.9650369,民間,社会福祉法人,延長保育,6ヶ月,5歳
森孝保育園,保育所,90,7:30,19:30,771-3100,守山区森孝一丁目1144,35.193798,137.0045416,公立,名古屋市,延長保育,6ヶ月,5歳
葵保育園,保育所,90,7:15,19:15,938-3390,東区筒井一丁目12-38,35.1776506,136.9273627,民間,社会福祉法人,延長保育,6ヶ月,5歳
スクルドエンジェル保育室あらこ園,小規模保育事業Ｂ型,18,7:30,18:30,398-6882,中川区中郷五丁目52,35.1324427,136.8492613,民間,株式会社,none,6ヶ月,2歳
名広愛児園,保育所,148,7:30,19:30,731-2131,昭和区車田町1-11,35.1582085,136.9217888,民間,社会福祉法人,延長保育+入所予約,産休あけ,5歳
ぽかぽか保育室大宝,小規模保育事業Ｂ型,15,7:30,18:30,684-7234,熱田区大宝4-12-8,35.1382798,136.9029022,民間,株式会社,none,6ヶ月,2歳
すずの森保育園,保育所,54,7:45,19:45,701-8112,名東区高間町64,35.1534448,136.9954661,民間,社会福祉法人,延長保育,6ヶ月,3歳
小規模保育事業“えがお”,小規模保育事業Ａ型,10,7:30,18:30,791-2808,守山区西新20番11号,35.2104938,136.9387968,民間,社会福祉法人,none,6ヶ月,2歳
小規模保育事業保育ルームルナⅠ徳川,小規模保育事業Ｂ型,15,7:30,18:30,938-0020,東区徳川町一丁目10ｰ35,35.1822685,136.9357619,民間,社会福祉法人,none,6ヶ月,2歳
島田第二保育園,保育所,120,7:30,18:00,802-5277,天白区大根町57,35.1113644,137.0014577,公立,名古屋市,none,6ヶ月,5歳
春風ピッコロ保育園,保育所,50,7:30,19:30,753-6008,千種区春岡二丁目5-9,35.1580628,136.951825,民間,社会福祉法人,延長保育,6ヶ月,3歳
マーマこととも保育園もりやま,保育所,60,7:30,19:30,796-0081,守山区瀬古東三丁目2103,35.2036609,136.957268,民間,株式会社,延長保育,6ヶ月,5歳
五条保育園,保育所,90,7:30,19:30,691-2255,南区五条町3-1,35.088406,136.9382667,公立,名古屋市,延長保育,6ヶ月,5歳
ちゃいれっく東別院駅前保育園,保育所,60,7:00,19:00,228-8605,中区平和一丁目1-20,35.1748693,136.8985933,民間,株式会社,延長保育,6ヶ月,5歳
烏森保育園,保育所,90,7:30,19:30,481-2377,中村区烏森町8-937,35.1643606,136.8414877,公立,名古屋市,延長保育,6ヶ月,5歳
認定こども園高蔵幼児園,保育所型認定こども園,430,7:45,18:00,671-3570,熱田区尾頭町3-19,35.1351606,136.9001831,民間,宗教法人,none,10か月,5歳
ぽかぽか保育室山腰,小規模保育事業Ｂ型,10,7:30,18:30,883-8300,緑区鳴海町山腰28,35.0733102,136.949138,民間,株式会社,none,6ヶ月,2歳
ほほえみ保育園,保育所,110,7:00,19:00,902-6001,北区楠4丁目422,35.2300518,136.9064103,民間,社会福祉法人,延長保育,産休あけ,5歳
永信保育園,保育所,113,7:00,20:00,571-0924,中村区名駅二丁目37-1,35.1628558,136.8620664,民間,社会福祉法人,延長保育+一時保育+子育て支援センター+入所予約,産休あけ,5歳
愛厚昭和荘保育園,保育所,150,7:15,19:15,761-9758,昭和区向山町1-54,35.1469496,136.934788,民間,社会福祉法人,延長保育+入所予約,産休あけ,5歳
ちいさなおうちえん中村,小規模保育事業Ａ型,10,7:30,18:30,482-9538,中村区牛田通3丁目9番2号,35.154693,136.8649443,民間,株式会社,none,6ヶ月,2歳
保育室くれよん,小規模保育事業Ｃ型,15,7:30,18:30,483-0620,中村区大秋町一丁目1番地,35.1480283,136.8985551,民間,特定非営利活動法人,none,6ヶ月,2歳
千代田橋保育園,保育所,90,7:30,19:30,723-2775,千種区千代田橋二丁目5-12,35.1874472,136.9716675,公立,名古屋市,延長保育,6ヶ月,5歳
平池保育園,保育所,90,7:30,19:30,451-8997,中村区太閤一丁目17-9,35.1649919,136.8685713,公立,名古屋市,延長保育,6ヶ月,5歳
幼保連携型認定こども園道徳保育園,幼保連携型認定こども園,366,7:00,19:00,692-4001,南区観音町6-20,35.0988153,136.90792,民間,社会福祉法人,延長保育+入所予約,産休あけ,5歳
しおみが丘保育園,保育所,130,7:30,19:30,680-7225,緑区潮見が丘一丁目48-1,35.08306,136.9600649,民間,社会福祉法人,延長保育+一時保育+子育て支援センター+入所予約,産休あけ,5歳
中志段味保育園,保育所,90,7:30,18:00,736-0467,守山区大字中志段味字宮前1174,35.2503549,137.0265127,公立,名古屋市,none,6ヶ月,5歳
保育室てとろっこ,小規模保育事業Ｂ型,15,7:30,18:30,918-7600,北区上飯田北町二丁目60番地の1,35.1945736,136.9320562,民間,特定非営利活動法人,none,6ヶ月,2歳
柳保育園,保育所,190,7:45,18:00,471-7842,中村区高須賀町24,35.1566983,136.8641999,民間,宗教法人,none,8か月,5歳
若草保育園,保育所,90,7:00,19:00,791-2622,守山区東山町1-6,35.2076232,136.9783829,民間,社会福祉法人,延長保育+入所予約,産休あけ,5歳
新瑞幼児園,保育所,120,8:00,18:00,851-0663,瑞穂区姫宮町2-48,35.1228658,136.9274198,民間,個人,none,1歳,5歳
ななくさ保育園,保育所,60,7:00,19:00,833-7811,瑞穂区井の元町168,35.1155098,136.9584118,民間,社会福祉法人,延長保育,6ヶ月,5歳
オリーブの実保育園,保育所,60,7:30,19:30,834-3700,天白区八事天道301,35.11593,136.9834206,民間,社会福祉法人,延長保育,6ヶ月,5歳
本地第二保育園,保育所,90,7:30,18:00,772-7896,守山区本地が丘1108,35.1981148,137.0233554,公立,名古屋市,none,6ヶ月,5歳
わんぱく保育園,保育所,60,7:30,19:30,720-6186,港区春田野二丁目3101,35.117534,136.8605719,民間,社会福祉法人,延長保育,6ヶ月,5歳
たかなしの森保育園,保育所,60,7:15,19:15,462-1831,中村区横井一丁目129,35.1482238,136.8357868,民間,社会福祉法人,延長保育,産休あけ,5歳
船方保育園,保育所,140,7:45,18:00,661-0828,熱田区四番二丁目8-3,35.1408349,136.901019,民間,個人,none,6ヶ月,5歳
稲葉地保育園,保育所,310,7:15,19:15,411-9557,中村区稲葉地町3-20,35.1625196,136.8579474,民間,社会福祉法人,延長保育+入所予約,6ヶ月,5歳
衆善会夜間保育園,保育所,20,11:00,1:00,243-5037,中区新栄三丁目33-11,35.1653465,136.9245133,民間,社会福祉法人,延長保育+夜間保育,8ヶ月,5歳
徳風幼児園,保育所,100,7:30,19:30,981-3246,北区辻町4-5,35.2057859,136.9252037,民間,宗教法人,入所予約+延長保育,産休あけ,5歳
香流保育園,保育所型認定こども園,416,7:00,19:00,771-6101,名東区神月町604,35.1562753,137.008423,民間,社会福祉法人,延長保育+入所予約,産休あけ,5歳
こすもす保育園,保育所,100,7:00,20:00,834-0081,瑞穂区初日町2-26,35.1339183,136.9436681,民間,社会福祉法人,延長保育+子育て支援センター+入所予約+休日保育,産休あけ,5歳
滝の水保育園,幼保連携型認定こども園,179,7:15,19:15,896-3223,緑区滝ノ水一丁目301,35.0615752,136.9407165,民間,社会福祉法人,延長保育+入所予約,産休あけ,5歳
中村保育園,保育所,286,7:00,20:00,482-4020,中村区中村町加藤屋敷3,35.1551287,136.8501153,民間,社会福祉法人,延長保育+子育て支援センター+入所予約+休日保育,産休あけ,5歳
小規模保育事業保育ルームルナⅣ新栄,小規模保育事業Ｂ型,15,7:30,18:30,263-0251,中区新栄二丁目9番5号,35.1690708,136.9219468,民間,社会福祉法人,none,6ヶ月,2歳
小規模保育事業ソラーナほんじん,小規模保育事業Ａ型,15,7:30,18:30,485-8841,中村区十王町2丁目20番地,35.1798759,136.8682322,民間,社会福祉法人,none,6ヶ月,2歳
愛厚つみき保育園,保育所,30,7:30,18:30,471-5516,中村区道下町4-12-3,35.1717297,136.8636604,民間,社会福祉法人,none,産休あけ,2歳
おりーぶ保育室,家庭的保育事業,5,7:30,18:30,N/A,天白区保呂町,35.1188098,136.9696773,民間,個人,none,6ヶ月,2歳
ヒルズウォーク徳重園,小規模保育事業Ｂ型,15,7:30,18:30,879-6866,緑区鳴海町字徳重18-44,35.0943886,136.9992084,民間,有限会社,none,6ヶ月,2歳
富田第一保育園,保育所,100,7:30,19:30,431-6725,中川区富田町大字千音寺字西福正3556,35.1537894,136.8133415,公立,名古屋市,延長保育,6ヶ月,5歳
さくらのこ保育園,保育所,100,7:30,19:30,883-9527,南区鳥栖二丁目1-12,35.1092672,136.9259149,民間,学校法人,延長保育,6ヶ月,3歳
篠原保育園,保育所,276,7:30,18:30,363-0550,中川区上脇町2-10,35.1362177,136.8721555,民間,宗教法人,一時保育+入所予約,産休あけ,5歳
辰巳幼児園,保育所,150,7:00,19:00,652-1921,港区辰巳町3-31,35.0998999,136.8433416,民間,宗教法人,延長保育+入所予約,産休あけ,5歳
白鳩保育園,保育所,111,7:15,19:15,661-1031,港区辰巳町12-13,35.1021417,136.8546124,民間,宗教法人,延長保育,6ヶ月,5歳
椙山女学園大学附属保育園,保育所,30,7:30,19:30,761-5590,千種区山添町2丁目2,35.1634343,136.9512749,民間,学校法人,延長保育,6ヶ月,2歳
マナ保育園,保育所,156,7:00,19:00,629-6686,緑区大高町字殿山1-1,35.0561566,136.9563318,民間,社会福祉法人,延長保育+一時保育,6ヶ月,5歳
ひおき保育園,保育所,120,7:00,19:00,331-2880,中川区西日置一丁目5-14,35.1221524,136.8442986,民間,社会福祉法人,延長保育,6ヶ月,5歳
大和保育園,保育所,120,7:00,19:00,903-4747,北区大我麻町277,35.2283107,136.9162178,民間,社会福祉法人,延長保育+子育て支援センター+入所予約,産休あけ,5歳
あかつき三の丸保育園,保育所,30,7:00,19:00,218-7716,中区三の丸一丁目7-6,35.1785096,136.8982332,民間,社会福祉法人,延長保育,産休明け,3歳
スクルドエンジェル保育室太平通園,小規模保育事業Ｂ型,18,7:30,18:30,655-5881,中川区太平通四丁目8,35.1341929,136.8694865,民間,株式会社,none,6ヶ月,2歳
こぐま,家庭的保育事業,3,8:30,16:30,N/A,中川区かの里,35.1266024,136.870548,民間,個人,none,6ヶ月,2歳
清瀧保育園,保育所,110,7:15,19:15,951-7463,東区白壁二丁目5-7,35.1873784,136.9608596,民間,宗教法人,延長保育+一時保育,12ヶ月,5歳
南陽第三保育園,保育所,90,7:30,18:00,301-8903,港区新茶屋5-2004,35.1070598,136.8323593,公立,名古屋市,none,6ヶ月,5歳
にじが丘保育園,保育所,90,7:30,18:00,782-0411,名東区にじが丘3-17,35.1424055,137.0204804,公立,名古屋市,none,6ヶ月,5歳
藤の宮保育園,保育所,90,7:30,19:30,551-6880,西区栄生一丁目24-24,35.1952871,136.923457,公立,名古屋市,延長保育+子育て支援センター,6ヶ月,5歳
誓成保育園,保育所,120,7:15,19:15,661-0237,港区津金一丁目12-3,35.0999428,136.8838034,民間,宗教法人,延長保育+一時保育,6ヶ月,5歳
こひつじ保育室,家庭的保育事業,3,8:30,16:30,N/A,天白区天白町大字八事字山田,35.1101911,136.9597952,民間,個人,none,6ヶ月,2歳
とくしげ太陽保育園,保育所,60,7:00,19:00,848-6991,緑区鳴海町字徳重18番122,35.0951357,136.9999639,民間,社会福祉法人,延長保育,6ヶ月,5歳
リーゴ正保保育園,保育所,75,7:30,19:30,381-7555,港区正保町3丁目52,35.112056,136.8181467,民間,一般財団法人,延長保育,6ヶ月,5歳
白金保育園,保育所,120,7:30,19:30,881-3021,昭和区白金一丁目20-24,35.1519604,136.8991616,公立,名古屋市,延長保育+子育て支援センター+入所予約,産休あけ,5歳
千草保育園,幼保連携型認定こども園,175,7:00,19:00,722-2648,千種区下方町3-3-1,35.1797128,136.9539603,民間,社会福祉法人,延長保育+一時保育+子育て支援センター+入所予約,産休あけ,5歳
和進館保育園,保育所,224,7:00,19:00,791-2808,守山区長栄20-10,35.2109381,136.931878,民間,社会福祉法人,延長保育+一時保育+子育て支援センター+入所予約,産休あけ,5歳
はなのこ保育室,小規模保育事業Ａ型,10,7:30,18:30,733-7622,千種区吹上一丁目2番15号,35.1861207,136.9851998,民間,社会福祉法人,none,6ヶ月,2歳
保育室ぺんぎん,家庭的保育事業,3,8:00,19:00,N/A,緑区神沢二丁目,35.0802873,136.9913209,民間,個人,none,6ヶ月,2歳
みよし保育園,保育所,90,7:00,22:00,622-6665,緑区大高町字道円坊13-1,35.0978611,137.0211168,民間,社会福祉法人,延長保育,産休あけ,5歳
東起保育園,保育所,144,8:00,17:45,382-8312,中川区東起町2-17,35.1578017,136.8901667,民間,個人,none,10ヶ月,5歳
のぎく保育園,保育所,90,7:15,20:15,653-3952,熱田区一番二丁目46-16,35.1231596,136.9060581,民間,社会福祉法人,延長保育+子育て支援センター+入所予約+休日保育,産休あけ,5歳
大野保育園,保育所,90,7:30,19:30,914-2996,北区大野町5-1-1,35.1997119,136.9329282,公立,名古屋市,延長保育,6ヶ月,5歳
千音寺すみれ保育園,保育所,160,7:00,19:00,432-3131,中川区富田町大字千音寺字赤星裏4559,35.1528296,136.8754794,民間,社会福祉法人,延長保育,産休明け,5歳
キッズアカデミーこぐま園,小規模保育事業Ｂ型,15,7:30,18:30,701-7088,名東区上社3丁目1807番地,35.1789937,136.9796476,民間,合同会社,none,6ヶ月,2歳
ニチイキッズ浄心保育室,小規模保育事業Ｂ型,14,7:30,18:30,522-1055,西区上名古屋三丁目25番15号,35.1907224,136.8943991,民間,株式会社,none,6ヶ月,2歳
川中保育園,保育所,120,7:00,19:00,914-9607,北区中切町2-64-1,35.2151395,136.9074609,民間,社会福祉法人,延長保育+一時保育+入所予約,産休あけ,5歳
猪高保育園,保育所,90,7:30,19:30,701-0041,名東区上社四丁目262,35.170151,137.0082949,公立,名古屋市,延長保育,6ヶ月,5歳
野並保育園,保育所,302,7:15,19:15,895-5225,天白区福池二丁目340,35.1060784,136.9855485,民間,社会福祉法人,延長保育+入所予約,産休あけ,5歳
明円ひかり園,保育所,90,7:30,19:30,613-8472,南区明円町183,35.110804,136.9416246,民間,社会福祉法人,延長保育,6ヶ月,5歳
スター保育園,保育所,40,7:00,19:00,936-0121,東区代官町24-5,35.1774199,136.9240991,民間,社会福祉法人,延長保育,産休あけ,3歳
はざま保育園,保育所,90,7:30,19:30,621-4300,緑区南陵401,35.0476693,136.9676145,公立,名古屋市,延長保育,6ヶ月,5歳
めいほくつぼみ保育室,小規模保育事業Ａ型,10,7:30,18:30,911-1627,北区御成通3丁目20番地の4,35.1999201,136.9301979,民間,社会福祉法人,none,6ヶ月,2歳
アスクなるこ保育園,保育所,60,7:30,19:30,899-3773,緑区鳴子町4-43,35.09609,136.9685863,民間,株式会社,延長保育,6ヶ月,5歳
あいかわ保育園,保育所,60,7:00,22:00,891-1050,緑区相川一丁目133,35.1014951,136.9694084,民間,社会福祉法人,延長保育,産休あけ,5歳
きよすみ保育園,保育所,240,7:15,19:15,621-1778,緑区鳴海町字有松裏138-1,35.0782034,136.9788914,民間,社会福祉法人,延長保育,8ヶ月,5歳
小規模保育事業ソラーナつゆはし,小規模保育事業Ｂ型,15,7:30,18:30,398-5486,中川区露橋1-24-18,35.1528568,136.8861087,民間,社会福祉法人,none,6ヶ月,2歳
瀬古保育園,保育所,110,7:30,18:00,793-4525,守山区瀬古東一丁目125,35.2062296,136.9970561,公立,名古屋市,none,6ヶ月,5歳
幼保連携型認定こども園名古屋東幼稚園,幼保連携型認定こども園,230,7:30,19:30,701-3191,名東区亀の井二丁目210,35.1639405,136.9994961,民間,学校法人,延長保育,6ヶ月,5歳
やしろ保育園,保育所,60,7:00,19:00,747-5695,名東区社が丘三丁目106,35.1792418,137.0162241,民間,学校法人,延長保育,6ヶ月,5歳
一本松保育園,保育所,100,7:30,19:30,803-3158,天白区一本松一丁目517,35.1396466,136.9874835,公立,名古屋市,延長保育,6ヶ月,5歳
池内わらべ保育園,保育所,102,7:15,19:15,853-3820,昭和区明月町3-6-2,35.1433259,136.9584026,民間,社会福祉法人,延長保育+一時保育,産休あけ,5歳
しらほ宮根台保育園,保育所,40,7:15,19:15,768-5316,千種区宮根台一丁目5-6,35.1868038,136.9813195,民間,社会福祉法人,延長保育,産休あけ,3歳
ぴよぴよ自由ヶ丘,小規模保育事業Ｂ型,9,7:30,18:30,778-9904,千種区霞ヶ丘2-5-3,35.1787737,136.9470776,民間,株式会社,none,6ヶ月,2歳
宝保育園,保育所,120,7:30,18:00,611-4754,南区浜田町4-120,35.0878168,136.9271983,公立,名古屋市,子育て支援センター+入所予約,産休あけ,5歳
まこと幼児園,保育所,80,7:00,19:00,835-1808,昭和区滝川町17-10,35.1451841,136.9612385,民間,宗教法人,延長保育,2歳,5歳
愛厚大曽根保育園,保育所,70,7:30,18:30,981-0644,北区芦辺町3-5-5,35.1933514,136.9285955,民間,社会福祉法人,none,産休あけ,5歳
フェアリー保育園,保育所,30,7:00,19:00,797-8587,守山区竜泉寺二丁目301,35.2201048,136.9842989,民間,社会福祉法人,延長保育,4ヶ月,2歳
梅森坂保育園,保育所,110,7:30,19:30,702-2020,名東区梅森坂四丁目102,35.1577745,136.990586,公立,名古屋市,延長保育+一時保育,6ヶ月,5歳
健生保育園,保育所,20,7:30,19:30,217-5004,緑区神沢二丁目1408番地,35.095599,136.982699,民間,株式会社,延長保育,6ヶ月,5歳
ニチイキッズ吉津保育室,小規模保育事業Ｂ型,10,7:30,18:30,462-8787,中川区吉津三丁目1004番地,35.1550404,136.8726741,民間,株式会社,none,6ヶ月,2歳
さくら保育園,保育所,60,7:00,19:00,753-7214,昭和区鶴羽町1-28-1,35.1434526,136.9267721,民間,社会福祉法人,延長保育,産休あけ,5歳
子供の家保育園,保育所,250,7:30,18:00,623-3981,緑区大高町字鷲津5,35.0706437,136.941747,民間,社会福祉法人,none,6ヶ月,5歳
名古屋植田ケ丘保育園,保育所,110,7:00,19:00,801-7581,天白区植田本町二丁目1310,35.1329366,136.9942775,民間,社会福祉法人,延長保育+子育て支援センター+入所予約,産休あけ,5歳
水広保育園,保育所,128,7:15,19:15,879-5225,緑区鳴海町字大清水69-1060,35.0765352,136.9997061,民間,社会福祉法人,延長保育+入所予約,産休あけ,5歳
山下保育園,保育所,90,7:30,19:30,791-6934,守山区森宮町125,35.0978821,136.9040343,公立,名古屋市,延長保育+子育て支援センター,6ヶ月,5歳
ひまわり保育園,保育所,60,7:15,19:15,733-7622,昭和区鶴舞町65,35.1508026,136.9531362,民間,社会福祉法人,延長保育,産休あけ,5歳
小規模保育事業ソラーナいりなか,小規模保育事業Ｂ型,15,7:30,18:30,753-7874,昭和区川名山町1-81-1,35.1467617,136.9639327,民間,社会福祉法人,none,6ヶ月,2歳
アイン千種保育室,小規模保育事業Ａ型,10,7:30,18:30,721-4158,千種区北千種三丁目2,35.1720576,136.9406006,民間,株式会社,none,6ヶ月,2歳
東丘保育園,保育所,100,7:30,19:30,622-0502,緑区鳴海町姥子山194-1,35.0633555,136.935217,公立,名古屋市,延長保育,6ヶ月,5歳
守西保育園,保育所,108,7:30,19:30,792-0322,守山区瀬古三丁目1148,35.2007796,136.9711947,民間,社会福祉法人,延長保育+入所予約,産休あけ,5歳
びわの実保育園,保育所,40,7:15,19:15,486-7170,中村区高道町6-5-11,35.1800701,136.8629604,民間,社会福祉法人,延長保育,産休あけ,3歳
天使保育園,保育所型認定こども園,83,7:15,19:15,811-3503,瑞穂区苗代町19-23,35.1183219,136.9252147,民間,宗教法人,延長保育+子育て支援センター+入所予約,産休あけ,5歳
星のまち保育園,保育所,40,7:00,19:00,781-2155,千種区星が丘元町3-6,35.1590324,136.9680377,民間,社会福祉法人,延長保育,6ヶ月,3歳
めばえ保育園,保育所,110,7:15,19:15,802-2188,天白区平針一丁目1808,35.1098383,136.9588119,民間,社会福祉法人,延長保育+子育て支援センター+入所予約,産休あけ,5歳
黒石保育園,保育所,100,7:30,19:30,876-2488,緑区桃山二丁目97,35.093259,136.9543347,公立,名古屋市,延長保育,6ヶ月,5歳
保育室らべんだー,家庭的保育事業,3,8:30,16:30,N/A,北区紅雲町,35.2322488,136.9089517,民間,個人,none,6ヶ月,2歳
アイン楽園町保育園,保育所,60,7:00,19:00,833-7105,昭和区楽園町13－1,35.1518415,136.9590357,民間,株式会社,延長保育,6ヶ月,5歳
音聞山保育園,保育所,380,7:00,19:00,832-6455,天白区音聞山1613,35.1297195,136.9677716,民間,宗教法人,延長保育+子育て支援センター+入所予約,産休あけ,5歳
東愛保育園,保育所,100,7:30,19:30,853-3009,瑞穂区前田町1-1-9,35.1242856,136.9343415,民間,社会福祉法人,延長保育,産休あけ,5歳
幼保連携型認定こども園スカイ,幼保連携型認定こども園,138,7:00,19:00,739-1112,守山区桔梗平一丁目408-1,35.208053,136.9575536,民間,社会福祉法人,延長保育+一時保育+入所予約,産休あけ,5歳